yearmonth,revenue
2010-12,377488.45
2010-11,1422654.64
2010-10,1045168.35
2010-09,853650.43
2010-08,656776.34
2010-07,575236.36
2010-06,679786.61
2010-05,615322.83
2010-04,590580.43
2010-03,765848.76
2010-02,533091.43
2010-01,624032.89
2009-12,799847.11
